
{
    "train_cfgs": {
        "device": "cuda:0",
        "total_steps": 1200000,
        "torch_threads": 1,
        "vector_env_nums": 1
    },
    "seed": 0,
    "algo_cfgs": {
        "steps_per_epoch": 2400
    },
    "model_cfgs": {
        "actor": {
            "output_activation": "tanh"
        }
    },
    "env_cfgs": {
        "env_init_config": {
            "penalty_factor_RampDown": 0.1,
            "penalty_factor_RampUp": 0.1,
            "penalty_factor_DT": 1.0,
            "penalty_factor_UT": 1.0,
            "scale_action": true
        }
    },
    "logger_cfgs": {
        "window_lens": 100,
        "use_tensorboard": true,
        "use_wandb": false,
        "log_dir": "./exp-x/Benchmark_Final_UC1/UC-v0---86f401c927d161f44071b75ba1365001b1553e0172a2c4a53d90cd2bf2a687b2/"
    },
    "algo": "TRPOLag",
    "env_id": "UC-v0"
}