
{
    "env_cfgs": {
        "env_init_cfgs": {
            "config_path": "/home/ec2-user/asuenv_config.json"
        }
    },
    "train_cfgs": {
        "device": "cuda:0",
        "total_steps": 3024000,
        "torch_threads": 1,
        "vector_env_nums": 1
    },
    "seed": 0,
    "logger_cfgs": {
        "window_lens": 60,
        "use_tensorboard": true,
        "use_wandb": false,
        "log_dir": "./exp-x/Benchmark_ASU_safe_1/ASU1---bf2480d08e22d7d8efead4cbfd62a213ade18348f3e8a7ab5b34f82cfb71260f/"
    },
    "algo_cfgs": {
        "steps_per_epoch": 10080
    },
    "model_cfgs": {
        "actor": {
            "output_activation": "tanh"
        }
    },
    "algo": "OnCRPO",
    "env_id": "ASU1"
}