
{
    "train_cfgs": {
        "device": "cuda:0",
        "total_steps": 1200000,
        "torch_threads": 1,
        "vector_env_nums": 1
    },
    "seed": 0,
    "logger_cfgs": {
        "window_lens": 100,
        "use_tensorboard": true,
        "use_wandb": false,
        "log_dir": "./exp-x/Benchmark_Safety_simple_blend_prop_fin/Blending-simple---27fe00e7942c84ef52cfef6fa0eeeafd220ef5a24f614c3421f2f09f54709206/"
    },
    "algo_cfgs": {
        "steps_per_epoch": 600
    },
    "model_cfgs": {
        "actor": {
            "output_activation": "tanh"
        }
    },
    "env_cfgs": {
        "env_init_cfgs": {
            "config_file": "Blending_prop_config.json"
        }
    },
    "algo": "DDPGLag",
    "env_id": "Blending-simple"
}