
{
    "env_cfgs": {
        "env_init_cfgs": {
            "config_path": "/home/ec2-user/gasu_config.json"
        }
    },
    "train_cfgs": {
        "device": "cuda:0",
        "total_steps": 620000,
        "torch_threads": 1,
        "vector_env_nums": 1
    },
    "seed": 0,
    "logger_cfgs": {
        "window_lens": 25,
        "use_tensorboard": true,
        "use_wandb": false,
        "log_dir": "./exp-x/Benchmark_ISM_safe_1/GASU-v0---40fabcdcf4124ade6cc1719c367113aa01ea3bb3062b25f5045faa7e4037e4b1/"
    },
    "algo_cfgs": {
        "steps_per_epoch": 775
    },
    "model_cfgs": {
        "actor": {
            "output_activation": "tanh"
        }
    },
    "algo": "P3O",
    "env_id": "GASU-v0"
}