
{
    "train_cfgs": {
        "device": "cuda:0",
        "total_steps": 350000,
        "torch_threads": 1,
        "vector_env_nums": 1
    },
    "seed": 0,
    "logger_cfgs": {
        "window_lens": 100,
        "use_tensorboard": true,
        "use_wandb": false,
        "log_dir": "./exp-x/Benchmark_Safety_simple_gen_trans_exp_fin_2/Capacity-Expansion---55e243302dbee4eae115ac3f23c5811154d2a8726b9572f3c635a95d73513dcc/"
    },
    "algo_cfgs": {
        "steps_per_epoch": 1000
    },
    "model_cfgs": {
        "actor": {
            "output_activation": "tanh"
        }
    },
    "env_cfgs": {
        "env_init_cfgs": {
            "config_file": "gen_trans_config.json"
        }
    },
    "algo": "DDPGLag",
    "env_id": "Capacity-Expansion"
}