{
    "env_id": [
        "UC-v0",
        "UC-v1"
    ],
    "algo": [
        "TRPOLag",
        "P3O",
        "OnCRPO",
        "CPO",
        "DDPGLag"
    ],
    "logger_cfgs:use_wandb": [
        false
    ],
    "logger_cfgs:use_tensorboard": [
        true
    ],
    "logger_cfgs:window_lens": [
        100
    ],
    "train_cfgs:vector_env_nums": [
        1
    ],
    "train_cfgs:torch_threads": [
        1
    ],
    "env_cfgs:env_init_config:scale_action": [
        true
    ],
    "env_cfgs:env_init_config:penalty_factor_UT": [
        1.0
    ],
    "env_cfgs:env_init_config:penalty_factor_DT": [
        1.0
    ],
    "env_cfgs:env_init_config:penalty_factor_RampUp": [
        0.1
    ],
    "env_cfgs:env_init_config:penalty_factor_RampDown": [
        0.1
    ],
    "model_cfgs:actor:output_activation": [
        "tanh"
    ],
    "algo_cfgs:steps_per_epoch": [
        2400
    ],
    "train_cfgs:total_steps": [
        1200000
    ],
    "seed": [
        0
    ],
    "train_cfgs:device": [
        "cuda:0"
    ]
}