
{
    "train_cfgs": {
        "device": "cuda:0",
        "total_steps": 900000,
        "torch_threads": 1,
        "vector_env_nums": 1
    },
    "seed": 0,
    "logger_cfgs": {
        "window_lens": 10,
        "use_tensorboard": true,
        "use_wandb": false,
        "log_dir": "./exp-x/Benchmark_SupplyChain/SupplyChain-v0---1671a77288655d59e25da4fd956360f797950f1a6b89b145331ce70236f9dc58/"
    },
    "algo_cfgs": {
        "steps_per_epoch": 300
    },
    "model_cfgs": {
        "actor": {
            "output_activation": "tanh"
        }
    },
    "env_cfgs": {
        "env_init_cfgs": {
            "config_path": "/home/ec2-user/Supply Chain Environment/config.json"
        }
    },
    "algo": "DDPGLag",
    "env_id": "SupplyChain-v0"
}