
{
    "train_cfgs": {
        "device": "cuda:0",
        "total_steps": 350000,
        "torch_threads": 1,
        "vector_env_nums": 1
    },
    "seed": 0,
    "logger_cfgs": {
        "window_lens": 100,
        "use_tensorboard": true,
        "use_wandb": false,
        "log_dir": "./exp-x/Benchmark_Safety_simple_gen_exp_fin_2/Capacity-Expansion---3f2e492b003120db512bd484547e5b4ecb6b1edb2b9faad89a978c7757f4af6f/"
    },
    "algo_cfgs": {
        "steps_per_epoch": 1000
    },
    "model_cfgs": {
        "actor": {
            "output_activation": "tanh"
        }
    },
    "env_cfgs": {
        "env_init_cfgs": {
            "config_file": "gen_config.json"
        }
    },
    "algo": "TRPOLag",
    "env_id": "Capacity-Expansion"
}