
{
    "train_cfgs": {
        "device": "cuda:0",
        "total_steps": 900000,
        "torch_threads": 1,
        "vector_env_nums": 1
    },
    "seed": 0,
    "logger_cfgs": {
        "window_lens": 10,
        "use_tensorboard": true,
        "use_wandb": false,
        "log_dir": "./exp-x/Benchmark_SupplyChain/SupplyChain-v0---12b0c06e40cef427c32799a884b8532840023685d0cf82318040c763b3b35b99/"
    },
    "algo_cfgs": {
        "steps_per_epoch": 300
    },
    "model_cfgs": {
        "actor": {
            "output_activation": "tanh"
        }
    },
    "env_cfgs": {
        "env_init_cfgs": {
            "config_path": "/home/ec2-user/Supply Chain Environment/config.json"
        }
    },
    "algo": "TRPOLag",
    "env_id": "SupplyChain-v0"
}