
{
    "env_cfgs": {
        "env_init_cfgs": {
            "config_path": "/home/ec2-user/asuenv_config.json"
        }
    },
    "train_cfgs": {
        "device": "cuda:0",
        "total_steps": 3024000,
        "torch_threads": 1,
        "vector_env_nums": 1
    },
    "seed": 0,
    "logger_cfgs": {
        "window_lens": 60,
        "use_tensorboard": true,
        "use_wandb": false,
        "log_dir": "./exp-x/Benchmark_ASU_safe_1/ASU1---21152f396724c79d02c99ebd6a45f3278af9f3487f34d380b29fd591dcd6ee69/"
    },
    "algo_cfgs": {
        "steps_per_epoch": 10080
    },
    "model_cfgs": {
        "actor": {
            "output_activation": "tanh"
        }
    },
    "algo": "P3O",
    "env_id": "ASU1"
}