{
    "env_id": [
        "Blending-simple"
    ],
    "algo": [
        "CPO",
        "TRPOLag",
        "P3O",
        "OnCRPO",
        "DDPGLag"
    ],
    "logger_cfgs:use_wandb": [
        false
    ],
    "logger_cfgs:use_tensorboard": [
        true
    ],
    "train_cfgs:vector_env_nums": [
        1
    ],
    "train_cfgs:torch_threads": [
        1
    ],
    "env_cfgs:env_init_cfgs:config_file": [
        "Blending_disable_config.json"
    ],
    "model_cfgs:actor:output_activation": [
        "tanh"
    ],
    "algo_cfgs:steps_per_epoch": [
        600
    ],
    "train_cfgs:total_steps": [
        1200000
    ],
    "logger_cfgs:window_lens": [
        100
    ],
    "seed": [
        0
    ],
    "train_cfgs:device": [
        "cuda:0"
    ]
}