
{
    "train_cfgs": {
        "device": "cuda:0",
        "total_steps": 350000,
        "torch_threads": 1,
        "vector_env_nums": 1
    },
    "seed": 0,
    "logger_cfgs": {
        "window_lens": 100,
        "use_tensorboard": true,
        "use_wandb": false,
        "log_dir": "./exp-x/Benchmark_Safety_simple_gen_exp_fin_2/Capacity-Expansion---b21522e2b299384ee6108f44de1e7a427f665ffddc470cf400cadf15263e27e8/"
    },
    "algo_cfgs": {
        "steps_per_epoch": 1000
    },
    "model_cfgs": {
        "actor": {
            "output_activation": "tanh"
        }
    },
    "env_cfgs": {
        "env_init_cfgs": {
            "config_file": "gen_config.json"
        }
    },
    "algo": "P3O",
    "env_id": "Capacity-Expansion"
}