
{
    "env_cfgs": {
        "env_init_cfgs": {
            "config_path": "/home/ec2-user/gasu_config.json"
        }
    },
    "train_cfgs": {
        "device": "cuda:0",
        "total_steps": 620000,
        "torch_threads": 1,
        "vector_env_nums": 1
    },
    "seed": 0,
    "logger_cfgs": {
        "window_lens": 25,
        "use_tensorboard": true,
        "use_wandb": false,
        "log_dir": "./exp-x/Benchmark_ISM_safe_1/GASU-v0---f6d583561e1000dcf2569828954fb41b3ce4f45c99665f85a93016f3eefbf913/"
    },
    "algo_cfgs": {
        "steps_per_epoch": 775
    },
    "model_cfgs": {
        "actor": {
            "output_activation": "tanh"
        }
    },
    "algo": "TRPOLag",
    "env_id": "GASU-v0"
}