
{
    "train_cfgs": {
        "device": "cuda:0",
        "total_steps": 900000,
        "torch_threads": 1,
        "vector_env_nums": 1
    },
    "seed": 0,
    "logger_cfgs": {
        "window_lens": 10,
        "use_tensorboard": true,
        "use_wandb": false,
        "log_dir": "./exp-x/Benchmark_SupplyChain/SupplyChain-v0---b776214e26a53aa0811aa6a4092cd5182a04d637bb4ff170c7bcf1ee47219f06/"
    },
    "algo_cfgs": {
        "steps_per_epoch": 300
    },
    "model_cfgs": {
        "actor": {
            "output_activation": "tanh"
        }
    },
    "env_cfgs": {
        "env_init_cfgs": {
            "config_path": "/home/ec2-user/Supply Chain Environment/config.json"
        }
    },
    "algo": "OnCRPO",
    "env_id": "SupplyChain-v0"
}