
{
    "train_cfgs": {
        "device": "cuda:0",
        "total_steps": 1200000,
        "torch_threads": 1,
        "vector_env_nums": 1
    },
    "seed": 0,
    "logger_cfgs": {
        "window_lens": 100,
        "use_tensorboard": true,
        "use_wandb": false,
        "log_dir": "./exp-x/Benchmark_Safety_simple_blend_disable_fin/Blending-simple---5067e619a349e93c982a9f953cb2cbde549497306b8aeed7184a853d0aeee2e9/"
    },
    "algo_cfgs": {
        "steps_per_epoch": 600
    },
    "model_cfgs": {
        "actor": {
            "output_activation": "tanh"
        }
    },
    "env_cfgs": {
        "env_init_cfgs": {
            "config_file": "Blending_disable_config.json"
        }
    },
    "algo": "CPO",
    "env_id": "Blending-simple"
}