
{
    "train_cfgs": {
        "device": "cuda:0",
        "total_steps": 900000,
        "torch_threads": 1,
        "vector_env_nums": 1
    },
    "seed": 0,
    "logger_cfgs": {
        "window_lens": 10,
        "use_tensorboard": true,
        "use_wandb": false,
        "log_dir": "./exp-x/Benchmark_SupplyChain/SupplyChain-v0---55767a994c43613df6efc45bcac32df1f01f6e4ba832b224f5beb3fafe9df6de/"
    },
    "algo_cfgs": {
        "steps_per_epoch": 300
    },
    "model_cfgs": {
        "actor": {
            "output_activation": "tanh"
        }
    },
    "env_cfgs": {
        "env_init_cfgs": {
            "config_path": "/home/ec2-user/Supply Chain Environment/config.json"
        }
    },
    "algo": "P3O",
    "env_id": "SupplyChain-v0"
}