
{
    "train_cfgs": {
        "device": "cuda:0",
        "total_steps": 1200000,
        "torch_threads": 1,
        "vector_env_nums": 1
    },
    "seed": 0,
    "logger_cfgs": {
        "window_lens": 100,
        "use_tensorboard": true,
        "use_wandb": false,
        "log_dir": "./exp-x/Benchmark_Safety_simple_blend_disable_fin/Blending-simple---7d6539e4dd1cbdc066167ca0c0f9bfbbc6fd887930bb05a99aaddf5a595ead5b/"
    },
    "algo_cfgs": {
        "steps_per_epoch": 600
    },
    "model_cfgs": {
        "actor": {
            "output_activation": "tanh"
        }
    },
    "env_cfgs": {
        "env_init_cfgs": {
            "config_file": "Blending_disable_config.json"
        }
    },
    "algo": "TRPOLag",
    "env_id": "Blending-simple"
}