
{
    "env_cfgs": {
        "env_init_config": {
            "cost_coefficient": 1.0,
            "sanitization_cost_weight": 1.0,
            "debug": false,
            "config_file": "hard_environment_data.json"
        }
    },
    "algo_cfgs": {
        "steps_per_epoch": 3840
    },
    "model_cfgs": {
        "actor": {
            "output_activation": "tanh"
        }
    },
    "train_cfgs": {
        "total_steps": 96000,
        "device": "cuda:0",
        "torch_threads": 1,
        "vector_env_nums": 1
    },
    "logger_cfgs": {
        "window_lens": 128,
        "use_tensorboard": true,
        "use_wandb": false,
        "log_dir": "./exp-x/Benchmark_Safety_rtn_v0/rtn-v0---73aa32655ff400139e49f34eb87c51bac99a5eb0f13d88adcf1e014040151334/"
    },
    "algo": "CPO",
    "seed": 10,
    "env_id": "rtn-v0"
}