{
    "env_id": [
        "rtn-v0"
    ],
    "seed": [
        10
    ],
    "algo": [
        "CPO",
        "TRPOLag",
        "P3O",
        "OnCRPO",
        "DDPGLag"
    ],
    "logger_cfgs:use_wandb": [
        false
    ],
    "logger_cfgs:use_tensorboard": [
        true
    ],
    "logger_cfgs:window_lens": [
        128
    ],
    "train_cfgs:vector_env_nums": [
        1
    ],
    "train_cfgs:torch_threads": [
        1
    ],
    "train_cfgs:device": [
        "cuda:0"
    ],
    "train_cfgs:total_steps": [
        96000
    ],
    "model_cfgs:actor:output_activation": [
        "tanh"
    ],
    "algo_cfgs:steps_per_epoch": [
        3840
    ],
    "env_cfgs:env_init_config:config_file": [
        "hard_environment_data.json"
    ],
    "env_cfgs:env_init_config:debug": [
        false
    ],
    "env_cfgs:env_init_config:sanitization_cost_weight": [
        1.0
    ],
    "env_cfgs:env_init_config:cost_coefficient": [
        1.0
    ]
}