
{
    "env_cfgs": {
        "env_init_cfgs": {
            "config_path": "/home/ec2-user/asuenv_config.json"
        }
    },
    "train_cfgs": {
        "device": "cuda:0",
        "total_steps": 3024000,
        "torch_threads": 1,
        "vector_env_nums": 1
    },
    "seed": 0,
    "logger_cfgs": {
        "window_lens": 60,
        "use_tensorboard": true,
        "use_wandb": false,
        "log_dir": "./exp-x/Benchmark_ASU_safe_1/ASU1---f9fadaaa84e04bb2cd9941897f9940238e0fd59d7d6f3bc2f8fd7bf906e61375/"
    },
    "algo_cfgs": {
        "steps_per_epoch": 10080
    },
    "model_cfgs": {
        "actor": {
            "output_activation": "tanh"
        }
    },
    "algo": "DDPGLag",
    "env_id": "ASU1"
}