
{
    "train_cfgs": {
        "device": "cuda:0",
        "total_steps": 840000,
        "torch_threads": 1,
        "vector_env_nums": 1
    },
    "seed": 0,
    "logger_cfgs": {
        "window_lens": 10,
        "use_tensorboard": true,
        "use_wandb": false,
        "log_dir": "./exp-x/Benchmark_Battery/Battery-v0---5a2ced2dbeb6a2ff260bd0f622798a0aa9f839939c9c04fc5cf63593c3e19f02/"
    },
    "algo_cfgs": {
        "steps_per_epoch": 240
    },
    "model_cfgs": {
        "actor": {
            "output_activation": "tanh"
        }
    },
    "env_cfgs": {
        "env_init_cfgs": {
            "config_path": "/home/ec2-user/Battery Env 2/config.json"
        }
    },
    "algo": "TRPOLag",
    "env_id": "Battery-v0"
}