
{
    "train_cfgs": {
        "device": "cuda:0",
        "total_steps": 840000,
        "torch_threads": 1,
        "vector_env_nums": 1
    },
    "seed": 0,
    "logger_cfgs": {
        "window_lens": 10,
        "use_tensorboard": true,
        "use_wandb": false,
        "log_dir": "./exp-x/Benchmark_Battery/Battery-v0---52b93d9b6cebdecad9c74fadf600210cc999f4f023bd0486b662742cb1d97e6a/"
    },
    "algo_cfgs": {
        "steps_per_epoch": 240
    },
    "model_cfgs": {
        "actor": {
            "output_activation": "tanh"
        }
    },
    "env_cfgs": {
        "env_init_cfgs": {
            "config_path": "/home/ec2-user/Battery Env 2/config.json"
        }
    },
    "algo": "CPO",
    "env_id": "Battery-v0"
}