
{
    "train_cfgs": {
        "device": "cuda:0",
        "total_steps": 1200000,
        "torch_threads": 1,
        "vector_env_nums": 1
    },
    "seed": 0,
    "logger_cfgs": {
        "window_lens": 100,
        "use_tensorboard": true,
        "use_wandb": false,
        "log_dir": "./exp-x/Benchmark_Safety_simple_blend_fin_no/Blending-simple---ffe4538daf75aa2119217b4e29cffc06b0b29e784a33e99d740b0b2741bb5bf2/"
    },
    "algo_cfgs": {
        "steps_per_epoch": 600
    },
    "model_cfgs": {
        "actor": {
            "output_activation": "tanh"
        }
    },
    "env_cfgs": {
        "env_init_cfgs": {
            "config_file": "Blending_no_config.json"
        }
    },
    "algo": "TRPOLag",
    "env_id": "Blending-simple"
}