
{
    "train_cfgs": {
        "device": "cuda:0",
        "total_steps": 350000,
        "torch_threads": 1,
        "vector_env_nums": 1
    },
    "seed": 0,
    "logger_cfgs": {
        "window_lens": 100,
        "use_tensorboard": true,
        "use_wandb": false,
        "log_dir": "./exp-x/Benchmark_Safety_simple_gen_trans_exp_fin_2/Capacity-Expansion---5c4df44101e76cf7b7970312bda8ae56c555bba80d86133af93f00501bad161c/"
    },
    "algo_cfgs": {
        "steps_per_epoch": 1000
    },
    "model_cfgs": {
        "actor": {
            "output_activation": "tanh"
        }
    },
    "env_cfgs": {
        "env_init_cfgs": {
            "config_file": "gen_trans_config.json"
        }
    },
    "algo": "OnCRPO",
    "env_id": "Capacity-Expansion"
}