{
    "env_id": [
        "ASU1"
    ],
    "algo": [
        "CPO",
        "TRPOLag",
        "P3O",
        "OnCRPO",
        "DDPG"
    ],
    "logger_cfgs:use_wandb": [
        false
    ],
    "logger_cfgs:use_tensorboard": [
        true
    ],
    "train_cfgs:vector_env_nums": [
        1
    ],
    "train_cfgs:torch_threads": [
        1
    ],
    "model_cfgs:actor:output_activation": [
        "tanh"
    ],
    "algo_cfgs:steps_per_epoch": [
        10080
    ],
    "train_cfgs:total_steps": [
        3024000
    ],
    "logger_cfgs:window_lens": [
        60
    ],
    "seed": [
        0
    ],
    "train_cfgs:device": [
        "cuda:0"
    ],
    "env_cfgs:env_init_cfgs:config_path": [
        "/home/ec2-user/asuenv_config.json"
    ]
}