
{
    "env_cfgs": {
        "env_init_config": {
            "cost_coefficient": 1.0,
            "sanitization_cost_weight": 1.0,
            "debug": false,
            "config_file": "hard_environment_data.json"
        }
    },
    "algo_cfgs": {
        "steps_per_epoch": 3840
    },
    "model_cfgs": {
        "actor": {
            "output_activation": "tanh"
        }
    },
    "train_cfgs": {
        "total_steps": 96000,
        "device": "cuda:0",
        "torch_threads": 1,
        "vector_env_nums": 1
    },
    "logger_cfgs": {
        "window_lens": 128,
        "use_tensorboard": true,
        "use_wandb": false,
        "log_dir": "./exp-x/Benchmark_Safety_stn_v0/stn-v0---dab25b2a2d2706c61c1864e1caf8e99c9bfdf3871987db235f675266a8c355ac/"
    },
    "algo": "DDPGLag",
    "seed": 10,
    "env_id": "stn-v0"
}