
{
    "train_cfgs": {
        "device": "cuda:0",
        "total_steps": 840000,
        "torch_threads": 1,
        "vector_env_nums": 1
    },
    "seed": 0,
    "logger_cfgs": {
        "window_lens": 10,
        "use_tensorboard": true,
        "use_wandb": false,
        "log_dir": "./exp-x/Benchmark_Battery/Battery-v0---d670a05e19a658d7746f0bd7dfebd3569f94bfe544e2b9023a0f92f7624ba056/"
    },
    "algo_cfgs": {
        "steps_per_epoch": 240
    },
    "model_cfgs": {
        "actor": {
            "output_activation": "tanh"
        }
    },
    "env_cfgs": {
        "env_init_cfgs": {
            "config_path": "/home/ec2-user/Battery Env 2/config.json"
        }
    },
    "algo": "P3O",
    "env_id": "Battery-v0"
}